pdb,antigen,AB,label,Hchain,Lchain,antigen_chain,res
8t1g,HA,B,stem,G,I,A|C|D|O,
8t1g,HA,B,stem,J,K,A|B|E|M,
8tx3,HA,B,stem,F,K,AG|G|I,
8txm,HA,B,stem,H,L,A|B|F|G,
8txu,HA,B,stem,H,L,A|B,
8txt,HA,B,stem,G,I,A|C|D|M|P|Y,
8txp,HA,B,stem,H,L,A|B|G,
8ty7,HA,B,stem,H,L,A|B|E,
8txt,HA,B,stem,H,L,C|E|F|O|W|X,
8u44,HA,B,stem,S,T,A|G|I,
8t49,Env,B,MPER,C,D,A|B|BR|G|K,
8tjr,Env,B,FP,H,L,AS|B|BO|E|F,
8tl5,Env,B,gp120gp41,I,J,C|D|X,
8tq1,Env,B,MPER,C,D,A|B|F|M,
8tjs,Env,B,FP,Q,T,B|BI|BK|I,
8ttw,Env,B,gp120gp41,C,D,A|B|S|T|b,
8vfv,Env,B,MPER,C,D,A|B|F|M,
8tkc,Env,B,FP,G,H,A|B|F,
9evz,Env,B,gp120gp41,H,L,F|I|q,
8vfv,Env,B,MPER,G,I,C|E|F|K,
8t4b,Env,A,N332,O,Q,E|U,
8tnh,Env,A,CD4bs,J,,A|AJ|E,
9b8b,Env,A,V2apex,H,L,A|AC|C|D|R,
8t4a,Env,A,N332,P,R,F|Y,
8ulr,Env,A,CD4bs,H,L,AK|E|Q|i,
9b8c,Env,A,V2apex,H,L,A|C|D|O|R|U,
8t49,Env,A,N332,P,R,F|a|d,
8uls,Env,A,CD4bs,H,L,A|E|r,
9bnp,Env,A,V2apex,H,L,E|Z|a|l,
8t4d,Env,A,N332,O,Q,E|V,
8k3k,RBD,B,class4,D,,E,
8wpy,RBD,B,class3,A,B,E|R,
8k46,RBD,B,class4,I,,C,
8wyj,RBD,B,class3,I,K,A|O|U,
8tm1,RBD,B,class4,H,L,A|B,
8xsj,RBD,B,class3,H,L,B,
8kdr,RBD,B,class4,H,L,A,
8y6a,RBD,B,class3,C,D,B|H|L,
8q7s,RBD,B,class4,H,,G,
8vye,RBD,B,class3,A,D,AF|K,
8k46,RBD,A,class1/2(RBM),G,,B|C,
8k5h,RBD,A,class1/2(RBM),H,L,A|B,
8k5g,RBD,A,class1/2(RBM),H,L,A,
8kdm,RBD,A,class1/2(RBM),G,F,A,
8q5y,RBD,A,class1/2(RBM),R,L,D|H,
8q5y,RBD,A,class1/2(RBM),G,H,C|D|E,
8q5y,RBD,A,class1/2(RBM),B,A,C,
8kep,RBD,A,class1/2(RBM),H,L,A,
8q7s,RBD,A,class1/2(RBM),O,,M|S,
8q7s,RBD,A,class1/2(RBM),C,,A,
8tp5,HA,A,head,H,L,A,
8tp6,HA,A,head,C,D,B,
8tp7,HA,A,head,H,L,B|C|D,
8tp2,HA,A,head,H,L,C,
8ume,HA,A,head,H,L,C,
9azr,HA,A,head,H,L,E,
9azv,HA,A,head,H,L,E,
9azt,HA,A,head,H,L,E,
9b7g,HA,A,head,Q,P,C|S,
9bdg,HA,A,head,F,I,A|J,
9DQ4,C,C,CTLA-4,H,L,A|B,1.57
9PI9,C,C,TROP2,A,B,C|E|F|H,1.56
8TS0,C,C,ASGR1,H,L,A|B|E,1.7
9NJY,C,C,ClfA,H,L,A|C,1.58
9NCY,C,C,CSP,H,L,A|D|G|J|P,1.63
9M5B,C,C,FcgR,A,B,C,1.66
9GVO,C,C,IFNa2,A1,A2,B|D|E|F|J|K,1.81
9GOX,C,C,CD38,H,L,A|J|K,1.84
9NCD,C,C,nsLTP,H,L,A|F|I,1.6
8RZ0,C,C,RH5,B1,B2,A,1.63
8VVL,C,C,GP38,H,L,A|K|M|N|P,1.8
9CDS,C,C,OspA,B,A,C|D,1.85
9D41,C,C,Borealin,H,L,A|D|E|J,1.84
9NPI,C,C,Canf1,C,B,A,1.85
9FIK,C,C,NT-3,B,C,A|E|G|H,1.86
