path,target,run,pose,score
/mnt/data/msadepth/compreps/seedrep_cand/protenix/9y0a_AB/d289/seed0_r1/results/9y0a_ab/seed_0/predictions/9y0a_ab_sample_1.cif,9y0a_AB,seed0_r1,9y0a_ab_sample_1.cif,0.23988
/mnt/data/msadepth/compreps/seedrep_cand/protenix/9y0a_AB/d289/seed0_r1/results/9y0a_ab/seed_0/predictions/9y0a_ab_sample_4.cif,9y0a_AB,seed0_r1,9y0a_ab_sample_4.cif,0.45435
/mnt/data/msadepth/compreps/seedrep_cand/protenix/9y0a_AB/d289/seed0_r2/results/9y0a_ab/seed_0/predictions/9y0a_ab_sample_2.cif,9y0a_AB,seed0_r2,9y0a_ab_sample_2.cif,0.15435
/mnt/data/msadepth/compreps/seedrep_cand/protenix/9y0a_AB/d289/seed0_r2/results/9y0a_ab/seed_0/predictions/9y0a_ab_sample_1.cif,9y0a_AB,seed0_r2,9y0a_ab_sample_1.cif,0.3928
/mnt/data/msadepth/compreps/seedrep_cand/protenix/9y0a_AB/d289/seed0_r0/results/9y0a_ab/seed_0/predictions/9y0a_ab_sample_2.cif,9y0a_AB,seed0_r0,9y0a_ab_sample_2.cif,0.21686
/mnt/data/msadepth/compreps/seedrep_cand/protenix/9y0a_AB/d289/seed0_r1/results/9y0a_ab/seed_0/predictions/9y0a_ab_sample_3.cif,9y0a_AB,seed0_r1,9y0a_ab_sample_3.cif,0.31068
/mnt/data/msadepth/compreps/seedrep_cand/protenix/9y0a_AB/d289/seed0_r1/results/9y0a_ab/seed_0/predictions/9y0a_ab_sample_2.cif,9y0a_AB,seed0_r1,9y0a_ab_sample_2.cif,0.2057
/mnt/data/msadepth/compreps/seedrep_cand/protenix/9y0a_AB/d289/seed0_r2/results/9y0a_ab/seed_0/predictions/9y0a_ab_sample_0.cif,9y0a_AB,seed0_r2,9y0a_ab_sample_0.cif,0.36471
/mnt/data/msadepth/compreps/seedrep_cand/protenix/9y0a_AB/d289/seed0_r0/results/9y0a_ab/seed_0/predictions/9y0a_ab_sample_4.cif,9y0a_AB,seed0_r0,9y0a_ab_sample_4.cif,0.45531
/mnt/data/msadepth/compreps/seedrep_cand/protenix/9y0a_AB/d289/seed0_r2/results/9y0a_ab/seed_0/predictions/9y0a_ab_sample_4.cif,9y0a_AB,seed0_r2,9y0a_ab_sample_4.cif,0.19405
/mnt/data/msadepth/compreps/seedrep_cand/protenix/9y0a_AB/d289/seed0_r0/results/9y0a_ab/seed_0/predictions/9y0a_ab_sample_0.cif,9y0a_AB,seed0_r0,9y0a_ab_sample_0.cif,0.26371
/mnt/data/msadepth/compreps/seedrep_cand/protenix/9y0a_AB/d289/seed0_r3/results/9y0a_ab/seed_0/predictions/9y0a_ab_sample_2.cif,9y0a_AB,seed0_r3,9y0a_ab_sample_2.cif,0.26955
/mnt/data/msadepth/compreps/seedrep_cand/protenix/9y0a_AB/d289/seed0_r0/results/9y0a_ab/seed_0/predictions/9y0a_ab_sample_1.cif,9y0a_AB,seed0_r0,9y0a_ab_sample_1.cif,0.26696
/mnt/data/msadepth/compreps/seedrep_cand/protenix/9y0a_AB/d289/seed0_r3/results/9y0a_ab/seed_0/predictions/9y0a_ab_sample_0.cif,9y0a_AB,seed0_r3,9y0a_ab_sample_0.cif,0.30155
/mnt/data/msadepth/compreps/seedrep_cand/protenix/9y0a_AB/d289/seed0_r3/results/9y0a_ab/seed_0/predictions/9y0a_ab_sample_3.cif,9y0a_AB,seed0_r3,9y0a_ab_sample_3.cif,0.29893
/mnt/data/msadepth/compreps/seedrep_cand/protenix/9y0a_AB/d289/seed0_r3/results/9y0a_ab/seed_0/predictions/9y0a_ab_sample_4.cif,9y0a_AB,seed0_r3,9y0a_ab_sample_4.cif,0.22662
/mnt/data/msadepth/compreps/seedrep_cand/protenix/9y0a_AB/d289/seed0_r0/results/9y0a_ab/seed_0/predictions/9y0a_ab_sample_3.cif,9y0a_AB,seed0_r0,9y0a_ab_sample_3.cif,0.22072
/mnt/data/msadepth/compreps/seedrep_cand/protenix/9y0a_AB/d289/seed0_r3/results/9y0a_ab/seed_0/predictions/9y0a_ab_sample_1.cif,9y0a_AB,seed0_r3,9y0a_ab_sample_1.cif,0.29838
/mnt/data/msadepth/compreps/seedrep_cand/protenix/9y0a_AB/d289/seed0_r2/results/9y0a_ab/seed_0/predictions/9y0a_ab_sample_3.cif,9y0a_AB,seed0_r2,9y0a_ab_sample_3.cif,0.43714
/mnt/data/msadepth/compreps/seedrep_cand/protenix/9y0a_AB/d289/seed0_r1/results/9y0a_ab/seed_0/predictions/9y0a_ab_sample_0.cif,9y0a_AB,seed0_r1,9y0a_ab_sample_0.cif,0.18922
/mnt/data/msadepth/compreps/seedrep_cand/protenix/9y0a_AB/d289/seed1_r1/results/9y0a_ab/seed_0/predictions/9y0a_ab_sample_4.cif,9y0a_AB,seed1_r1,9y0a_ab_sample_4.cif,0.26457
/mnt/data/msadepth/compreps/seedrep_cand/protenix/9y0a_AB/d289/seed1_r3/results/9y0a_ab/seed_0/predictions/9y0a_ab_sample_2.cif,9y0a_AB,seed1_r3,9y0a_ab_sample_2.cif,0.42358
/mnt/data/msadepth/compreps/seedrep_cand/protenix/9y0a_AB/d289/seed1_r3/results/9y0a_ab/seed_0/predictions/9y0a_ab_sample_4.cif,9y0a_AB,seed1_r3,9y0a_ab_sample_4.cif,0.15929
/mnt/data/msadepth/compreps/seedrep_cand/protenix/9y0a_AB/d289/seed1_r3/results/9y0a_ab/seed_0/predictions/9y0a_ab_sample_0.cif,9y0a_AB,seed1_r3,9y0a_ab_sample_0.cif,0.2315
/mnt/data/msadepth/compreps/seedrep_cand/protenix/9y0a_AB/d289/seed1_r0/results/9y0a_ab/seed_0/predictions/9y0a_ab_sample_2.cif,9y0a_AB,seed1_r0,9y0a_ab_sample_2.cif,0.37352
/mnt/data/msadepth/compreps/seedrep_cand/protenix/9y0a_AB/d289/seed1_r3/results/9y0a_ab/seed_0/predictions/9y0a_ab_sample_3.cif,9y0a_AB,seed1_r3,9y0a_ab_sample_3.cif,0.27229
/mnt/data/msadepth/compreps/seedrep_cand/protenix/9y0a_AB/d289/seed1_r1/results/9y0a_ab/seed_0/predictions/9y0a_ab_sample_2.cif,9y0a_AB,seed1_r1,9y0a_ab_sample_2.cif,0.28371
/mnt/data/msadepth/compreps/seedrep_cand/protenix/9y0a_AB/d289/seed1_r2/results/9y0a_ab/seed_0/predictions/9y0a_ab_sample_4.cif,9y0a_AB,seed1_r2,9y0a_ab_sample_4.cif,0.16803
/mnt/data/msadepth/compreps/seedrep_cand/protenix/9y0a_AB/d289/seed1_r0/results/9y0a_ab/seed_0/predictions/9y0a_ab_sample_1.cif,9y0a_AB,seed1_r0,9y0a_ab_sample_1.cif,0.39903
/mnt/data/msadepth/compreps/seedrep_cand/protenix/9y0a_AB/d289/seed1_r3/results/9y0a_ab/seed_0/predictions/9y0a_ab_sample_1.cif,9y0a_AB,seed1_r3,9y0a_ab_sample_1.cif,0.46011
/mnt/data/msadepth/compreps/seedrep_cand/protenix/9y0a_AB/d289/seed1_r2/results/9y0a_ab/seed_0/predictions/9y0a_ab_sample_3.cif,9y0a_AB,seed1_r2,9y0a_ab_sample_3.cif,0.23458
/mnt/data/msadepth/compreps/seedrep_cand/protenix/9y0a_AB/d289/seed1_r2/results/9y0a_ab/seed_0/predictions/9y0a_ab_sample_2.cif,9y0a_AB,seed1_r2,9y0a_ab_sample_2.cif,0.20867
/mnt/data/msadepth/compreps/seedrep_cand/protenix/9y0a_AB/d289/seed1_r1/results/9y0a_ab/seed_0/predictions/9y0a_ab_sample_1.cif,9y0a_AB,seed1_r1,9y0a_ab_sample_1.cif,0.19582
/mnt/data/msadepth/compreps/seedrep_cand/protenix/9y0a_AB/d289/seed1_r0/results/9y0a_ab/seed_0/predictions/9y0a_ab_sample_4.cif,9y0a_AB,seed1_r0,9y0a_ab_sample_4.cif,0.2263
/mnt/data/msadepth/compreps/seedrep_cand/protenix/9y0a_AB/d289/seed1_r2/results/9y0a_ab/seed_0/predictions/9y0a_ab_sample_0.cif,9y0a_AB,seed1_r2,9y0a_ab_sample_0.cif,0.37192
/mnt/data/msadepth/compreps/seedrep_cand/protenix/9y0a_AB/d289/seed1_r1/results/9y0a_ab/seed_0/predictions/9y0a_ab_sample_3.cif,9y0a_AB,seed1_r1,9y0a_ab_sample_3.cif,0.33338
/mnt/data/msadepth/compreps/seedrep_cand/protenix/9y0a_AB/d289/seed1_r0/results/9y0a_ab/seed_0/predictions/9y0a_ab_sample_3.cif,9y0a_AB,seed1_r0,9y0a_ab_sample_3.cif,0.18856
/mnt/data/msadepth/compreps/seedrep_cand/protenix/9y0a_AB/d289/seed1_r2/results/9y0a_ab/seed_0/predictions/9y0a_ab_sample_1.cif,9y0a_AB,seed1_r2,9y0a_ab_sample_1.cif,0.33945
/mnt/data/msadepth/compreps/seedrep_cand/protenix/9y0a_AB/d289/seed1_r1/results/9y0a_ab/seed_0/predictions/9y0a_ab_sample_0.cif,9y0a_AB,seed1_r1,9y0a_ab_sample_0.cif,0.22253
/mnt/data/msadepth/compreps/seedrep_cand/protenix/9y0a_AB/d289/seed1_r0/results/9y0a_ab/seed_0/predictions/9y0a_ab_sample_0.cif,9y0a_AB,seed1_r0,9y0a_ab_sample_0.cif,0.20749
/mnt/data/msadepth/compreps/seedrep_cand/protenix/9y0a_AB/d289/seed2_r2/results/9y0a_ab/seed_0/predictions/9y0a_ab_sample_2.cif,9y0a_AB,seed2_r2,9y0a_ab_sample_2.cif,0.16086
/mnt/data/msadepth/compreps/seedrep_cand/protenix/9y0a_AB/d289/seed2_r0/results/9y0a_ab/seed_0/predictions/9y0a_ab_sample_1.cif,9y0a_AB,seed2_r0,9y0a_ab_sample_1.cif,0.40609
/mnt/data/msadepth/compreps/seedrep_cand/protenix/9y0a_AB/d289/seed2_r1/results/9y0a_ab/seed_0/predictions/9y0a_ab_sample_1.cif,9y0a_AB,seed2_r1,9y0a_ab_sample_1.cif,0.45038
/mnt/data/msadepth/compreps/seedrep_cand/protenix/9y0a_AB/d289/seed2_r1/results/9y0a_ab/seed_0/predictions/9y0a_ab_sample_4.cif,9y0a_AB,seed2_r1,9y0a_ab_sample_4.cif,0.23326
/mnt/data/msadepth/compreps/seedrep_cand/protenix/9y0a_AB/d289/seed2_r2/results/9y0a_ab/seed_0/predictions/9y0a_ab_sample_3.cif,9y0a_AB,seed2_r2,9y0a_ab_sample_3.cif,0.26367
/mnt/data/msadepth/compreps/seedrep_cand/protenix/9y0a_AB/d289/seed2_r0/results/9y0a_ab/seed_0/predictions/9y0a_ab_sample_2.cif,9y0a_AB,seed2_r0,9y0a_ab_sample_2.cif,0.2574
/mnt/data/msadepth/compreps/seedrep_cand/protenix/9y0a_AB/d289/seed2_r3/results/9y0a_ab/seed_0/predictions/9y0a_ab_sample_2.cif,9y0a_AB,seed2_r3,9y0a_ab_sample_2.cif,0.30557
/mnt/data/msadepth/compreps/seedrep_cand/protenix/9y0a_AB/d289/seed2_r3/results/9y0a_ab/seed_0/predictions/9y0a_ab_sample_1.cif,9y0a_AB,seed2_r3,9y0a_ab_sample_1.cif,0.19029
/mnt/data/msadepth/compreps/seedrep_cand/protenix/9y0a_AB/d289/seed2_r3/results/9y0a_ab/seed_0/predictions/9y0a_ab_sample_3.cif,9y0a_AB,seed2_r3,9y0a_ab_sample_3.cif,0.35118
/mnt/data/msadepth/compreps/seedrep_cand/protenix/9y0a_AB/d289/seed2_r1/results/9y0a_ab/seed_0/predictions/9y0a_ab_sample_2.cif,9y0a_AB,seed2_r1,9y0a_ab_sample_2.cif,0.40863
/mnt/data/msadepth/compreps/seedrep_cand/protenix/9y0a_AB/d289/seed2_r2/results/9y0a_ab/seed_0/predictions/9y0a_ab_sample_1.cif,9y0a_AB,seed2_r2,9y0a_ab_sample_1.cif,0.20815
/mnt/data/msadepth/compreps/seedrep_cand/protenix/9y0a_AB/d289/seed2_r2/results/9y0a_ab/seed_0/predictions/9y0a_ab_sample_0.cif,9y0a_AB,seed2_r2,9y0a_ab_sample_0.cif,0.26142
/mnt/data/msadepth/compreps/seedrep_cand/protenix/9y0a_AB/d289/seed2_r1/results/9y0a_ab/seed_0/predictions/9y0a_ab_sample_0.cif,9y0a_AB,seed2_r1,9y0a_ab_sample_0.cif,0.21317
/mnt/data/msadepth/compreps/seedrep_cand/protenix/9y0a_AB/d289/seed2_r3/results/9y0a_ab/seed_0/predictions/9y0a_ab_sample_0.cif,9y0a_AB,seed2_r3,9y0a_ab_sample_0.cif,0.22493
/mnt/data/msadepth/compreps/seedrep_cand/protenix/9y0a_AB/d289/seed2_r0/results/9y0a_ab/seed_0/predictions/9y0a_ab_sample_3.cif,9y0a_AB,seed2_r0,9y0a_ab_sample_3.cif,0.33743
/mnt/data/msadepth/compreps/seedrep_cand/protenix/9y0a_AB/d289/seed2_r3/results/9y0a_ab/seed_0/predictions/9y0a_ab_sample_4.cif,9y0a_AB,seed2_r3,9y0a_ab_sample_4.cif,0.21169
/mnt/data/msadepth/compreps/seedrep_cand/protenix/9y0a_AB/d289/seed2_r0/results/9y0a_ab/seed_0/predictions/9y0a_ab_sample_0.cif,9y0a_AB,seed2_r0,9y0a_ab_sample_0.cif,0.45739
/mnt/data/msadepth/compreps/seedrep_cand/protenix/9y0a_AB/d289/seed2_r1/results/9y0a_ab/seed_0/predictions/9y0a_ab_sample_3.cif,9y0a_AB,seed2_r1,9y0a_ab_sample_3.cif,0.24069
/mnt/data/msadepth/compreps/seedrep_cand/protenix/9y0a_AB/d289/seed2_r2/results/9y0a_ab/seed_0/predictions/9y0a_ab_sample_4.cif,9y0a_AB,seed2_r2,9y0a_ab_sample_4.cif,0.38979
/mnt/data/msadepth/compreps/seedrep_cand/protenix/9y0a_AB/d289/seed2_r0/results/9y0a_ab/seed_0/predictions/9y0a_ab_sample_4.cif,9y0a_AB,seed2_r0,9y0a_ab_sample_4.cif,0.18284
/mnt/data/msadepth/compreps/seedrep_cand/protenix/9y0a_AB/d289/seed3_r1/results/9y0a_ab/seed_0/predictions/9y0a_ab_sample_4.cif,9y0a_AB,seed3_r1,9y0a_ab_sample_4.cif,0.10445
/mnt/data/msadepth/compreps/seedrep_cand/protenix/9y0a_AB/d289/seed3_r3/results/9y0a_ab/seed_0/predictions/9y0a_ab_sample_4.cif,9y0a_AB,seed3_r3,9y0a_ab_sample_4.cif,0.27112
/mnt/data/msadepth/compreps/seedrep_cand/protenix/9y0a_AB/d289/seed3_r0/results/9y0a_ab/seed_0/predictions/9y0a_ab_sample_0.cif,9y0a_AB,seed3_r0,9y0a_ab_sample_0.cif,0.43009
/mnt/data/msadepth/compreps/seedrep_cand/protenix/9y0a_AB/d289/seed3_r3/results/9y0a_ab/seed_0/predictions/9y0a_ab_sample_2.cif,9y0a_AB,seed3_r3,9y0a_ab_sample_2.cif,0.2053
/mnt/data/msadepth/compreps/seedrep_cand/protenix/9y0a_AB/d289/seed3_r2/results/9y0a_ab/seed_0/predictions/9y0a_ab_sample_3.cif,9y0a_AB,seed3_r2,9y0a_ab_sample_3.cif,0.3719
/mnt/data/msadepth/compreps/seedrep_cand/protenix/9y0a_AB/d289/seed3_r2/results/9y0a_ab/seed_0/predictions/9y0a_ab_sample_4.cif,9y0a_AB,seed3_r2,9y0a_ab_sample_4.cif,0.40397
/mnt/data/msadepth/compreps/seedrep_cand/protenix/9y0a_AB/d289/seed3_r0/results/9y0a_ab/seed_0/predictions/9y0a_ab_sample_3.cif,9y0a_AB,seed3_r0,9y0a_ab_sample_3.cif,0.16419
/mnt/data/msadepth/compreps/seedrep_cand/protenix/9y0a_AB/d289/seed3_r2/results/9y0a_ab/seed_0/predictions/9y0a_ab_sample_0.cif,9y0a_AB,seed3_r2,9y0a_ab_sample_0.cif,0.38024
/mnt/data/msadepth/compreps/seedrep_cand/protenix/9y0a_AB/d289/seed3_r1/results/9y0a_ab/seed_0/predictions/9y0a_ab_sample_3.cif,9y0a_AB,seed3_r1,9y0a_ab_sample_3.cif,0.2687
/mnt/data/msadepth/compreps/seedrep_cand/protenix/9y0a_AB/d289/seed3_r0/results/9y0a_ab/seed_0/predictions/9y0a_ab_sample_1.cif,9y0a_AB,seed3_r0,9y0a_ab_sample_1.cif,0.2124
/mnt/data/msadepth/compreps/seedrep_cand/protenix/9y0a_AB/d289/seed3_r2/results/9y0a_ab/seed_0/predictions/9y0a_ab_sample_2.cif,9y0a_AB,seed3_r2,9y0a_ab_sample_2.cif,0.34196
/mnt/data/msadepth/compreps/seedrep_cand/protenix/9y0a_AB/d289/seed3_r0/results/9y0a_ab/seed_0/predictions/9y0a_ab_sample_4.cif,9y0a_AB,seed3_r0,9y0a_ab_sample_4.cif,0.39632
/mnt/data/msadepth/compreps/seedrep_cand/protenix/9y0a_AB/d289/seed3_r3/results/9y0a_ab/seed_0/predictions/9y0a_ab_sample_3.cif,9y0a_AB,seed3_r3,9y0a_ab_sample_3.cif,0.28892
/mnt/data/msadepth/compreps/seedrep_cand/protenix/9y0a_AB/d289/seed3_r1/results/9y0a_ab/seed_0/predictions/9y0a_ab_sample_2.cif,9y0a_AB,seed3_r1,9y0a_ab_sample_2.cif,0.42331
/mnt/data/msadepth/compreps/seedrep_cand/protenix/9y0a_AB/d289/seed3_r3/results/9y0a_ab/seed_0/predictions/9y0a_ab_sample_1.cif,9y0a_AB,seed3_r3,9y0a_ab_sample_1.cif,0.28778
/mnt/data/msadepth/compreps/seedrep_cand/protenix/9y0a_AB/d289/seed3_r2/results/9y0a_ab/seed_0/predictions/9y0a_ab_sample_1.cif,9y0a_AB,seed3_r2,9y0a_ab_sample_1.cif,0.37003
/mnt/data/msadepth/compreps/seedrep_cand/protenix/9y0a_AB/d289/seed3_r1/results/9y0a_ab/seed_0/predictions/9y0a_ab_sample_1.cif,9y0a_AB,seed3_r1,9y0a_ab_sample_1.cif,0.19365
/mnt/data/msadepth/compreps/seedrep_cand/protenix/9y0a_AB/d289/seed3_r0/results/9y0a_ab/seed_0/predictions/9y0a_ab_sample_2.cif,9y0a_AB,seed3_r0,9y0a_ab_sample_2.cif,0.33995
/mnt/data/msadepth/compreps/seedrep_cand/protenix/9y0a_AB/d289/seed3_r3/results/9y0a_ab/seed_0/predictions/9y0a_ab_sample_0.cif,9y0a_AB,seed3_r3,9y0a_ab_sample_0.cif,0.12126
/mnt/data/msadepth/compreps/seedrep_cand/protenix/9y0a_AB/d289/seed3_r1/results/9y0a_ab/seed_0/predictions/9y0a_ab_sample_0.cif,9y0a_AB,seed3_r1,9y0a_ab_sample_0.cif,0.44794
/mnt/data/msadepth/compreps/seedrep_cand/protenix/9y0a_AB/d289/seed4_r2/results/9y0a_ab/seed_0/predictions/9y0a_ab_sample_4.cif,9y0a_AB,seed4_r2,9y0a_ab_sample_4.cif,0.42311
/mnt/data/msadepth/compreps/seedrep_cand/protenix/9y0a_AB/d289/seed4_r3/results/9y0a_ab/seed_0/predictions/9y0a_ab_sample_1.cif,9y0a_AB,seed4_r3,9y0a_ab_sample_1.cif,0.14886
/mnt/data/msadepth/compreps/seedrep_cand/protenix/9y0a_AB/d289/seed4_r2/results/9y0a_ab/seed_0/predictions/9y0a_ab_sample_2.cif,9y0a_AB,seed4_r2,9y0a_ab_sample_2.cif,0.32817
/mnt/data/msadepth/compreps/seedrep_cand/protenix/9y0a_AB/d289/seed4_r1/results/9y0a_ab/seed_0/predictions/9y0a_ab_sample_0.cif,9y0a_AB,seed4_r1,9y0a_ab_sample_0.cif,0.18443
/mnt/data/msadepth/compreps/seedrep_cand/protenix/9y0a_AB/d289/seed4_r0/results/9y0a_ab/seed_0/predictions/9y0a_ab_sample_0.cif,9y0a_AB,seed4_r0,9y0a_ab_sample_0.cif,0.1791
/mnt/data/msadepth/compreps/seedrep_cand/protenix/9y0a_AB/d289/seed4_r1/results/9y0a_ab/seed_0/predictions/9y0a_ab_sample_1.cif,9y0a_AB,seed4_r1,9y0a_ab_sample_1.cif,0.45992
/mnt/data/msadepth/compreps/seedrep_cand/protenix/9y0a_AB/d289/seed4_r3/results/9y0a_ab/seed_0/predictions/9y0a_ab_sample_3.cif,9y0a_AB,seed4_r3,9y0a_ab_sample_3.cif,0.36273
/mnt/data/msadepth/compreps/seedrep_cand/protenix/9y0a_AB/d289/seed4_r1/results/9y0a_ab/seed_0/predictions/9y0a_ab_sample_3.cif,9y0a_AB,seed4_r1,9y0a_ab_sample_3.cif,0.31039
/mnt/data/msadepth/compreps/seedrep_cand/protenix/9y0a_AB/d289/seed4_r3/results/9y0a_ab/seed_0/predictions/9y0a_ab_sample_4.cif,9y0a_AB,seed4_r3,9y0a_ab_sample_4.cif,0.18092
/mnt/data/msadepth/compreps/seedrep_cand/protenix/9y0a_AB/d289/seed4_r0/results/9y0a_ab/seed_0/predictions/9y0a_ab_sample_3.cif,9y0a_AB,seed4_r0,9y0a_ab_sample_3.cif,0.17549
/mnt/data/msadepth/compreps/seedrep_cand/protenix/9y0a_AB/d289/seed4_r2/results/9y0a_ab/seed_0/predictions/9y0a_ab_sample_3.cif,9y0a_AB,seed4_r2,9y0a_ab_sample_3.cif,0.39749
/mnt/data/msadepth/compreps/seedrep_cand/protenix/9y0a_AB/d289/seed4_r0/results/9y0a_ab/seed_0/predictions/9y0a_ab_sample_1.cif,9y0a_AB,seed4_r0,9y0a_ab_sample_1.cif,0.34115
/mnt/data/msadepth/compreps/seedrep_cand/protenix/9y0a_AB/d289/seed4_r1/results/9y0a_ab/seed_0/predictions/9y0a_ab_sample_2.cif,9y0a_AB,seed4_r1,9y0a_ab_sample_2.cif,0.16372
/mnt/data/msadepth/compreps/seedrep_cand/protenix/9y0a_AB/d289/seed4_r2/results/9y0a_ab/seed_0/predictions/9y0a_ab_sample_1.cif,9y0a_AB,seed4_r2,9y0a_ab_sample_1.cif,0.3851
/mnt/data/msadepth/compreps/seedrep_cand/protenix/9y0a_AB/d289/seed4_r2/results/9y0a_ab/seed_0/predictions/9y0a_ab_sample_0.cif,9y0a_AB,seed4_r2,9y0a_ab_sample_0.cif,0.3429
/mnt/data/msadepth/compreps/seedrep_cand/protenix/9y0a_AB/d289/seed4_r0/results/9y0a_ab/seed_0/predictions/9y0a_ab_sample_2.cif,9y0a_AB,seed4_r0,9y0a_ab_sample_2.cif,0.35331
/mnt/data/msadepth/compreps/seedrep_cand/protenix/9y0a_AB/d289/seed4_r3/results/9y0a_ab/seed_0/predictions/9y0a_ab_sample_2.cif,9y0a_AB,seed4_r3,9y0a_ab_sample_2.cif,0.17357
/mnt/data/msadepth/compreps/seedrep_cand/protenix/9y0a_AB/d289/seed4_r0/results/9y0a_ab/seed_0/predictions/9y0a_ab_sample_4.cif,9y0a_AB,seed4_r0,9y0a_ab_sample_4.cif,0.29185
/mnt/data/msadepth/compreps/seedrep_cand/protenix/9y0a_AB/d289/seed4_r3/results/9y0a_ab/seed_0/predictions/9y0a_ab_sample_0.cif,9y0a_AB,seed4_r3,9y0a_ab_sample_0.cif,0.28884
/mnt/data/msadepth/compreps/seedrep_cand/protenix/9y0a_AB/d289/seed4_r1/results/9y0a_ab/seed_0/predictions/9y0a_ab_sample_4.cif,9y0a_AB,seed4_r1,9y0a_ab_sample_4.cif,0.23705
/mnt/data/msadepth/compreps/seedrep_cand/protenix/9y0a_AB/d289/seed5_r1/results/9y0a_ab/seed_0/predictions/9y0a_ab_sample_0.cif,9y0a_AB,seed5_r1,9y0a_ab_sample_0.cif,0.32727
/mnt/data/msadepth/compreps/seedrep_cand/protenix/9y0a_AB/d289/seed5_r2/results/9y0a_ab/seed_0/predictions/9y0a_ab_sample_2.cif,9y0a_AB,seed5_r2,9y0a_ab_sample_2.cif,0.35492
/mnt/data/msadepth/compreps/seedrep_cand/protenix/9y0a_AB/d289/seed5_r2/results/9y0a_ab/seed_0/predictions/9y0a_ab_sample_4.cif,9y0a_AB,seed5_r2,9y0a_ab_sample_4.cif,0.13508
/mnt/data/msadepth/compreps/seedrep_cand/protenix/9y0a_AB/d289/seed5_r1/results/9y0a_ab/seed_0/predictions/9y0a_ab_sample_2.cif,9y0a_AB,seed5_r1,9y0a_ab_sample_2.cif,0.25983
/mnt/data/msadepth/compreps/seedrep_cand/protenix/9y0a_AB/d289/seed5_r1/results/9y0a_ab/seed_0/predictions/9y0a_ab_sample_4.cif,9y0a_AB,seed5_r1,9y0a_ab_sample_4.cif,0.17104
/mnt/data/msadepth/compreps/seedrep_cand/protenix/9y0a_AB/d289/seed5_r1/results/9y0a_ab/seed_0/predictions/9y0a_ab_sample_1.cif,9y0a_AB,seed5_r1,9y0a_ab_sample_1.cif,0.34637
/mnt/data/msadepth/compreps/seedrep_cand/protenix/9y0a_AB/d289/seed5_r0/results/9y0a_ab/seed_0/predictions/9y0a_ab_sample_2.cif,9y0a_AB,seed5_r0,9y0a_ab_sample_2.cif,0.38245
/mnt/data/msadepth/compreps/seedrep_cand/protenix/9y0a_AB/d289/seed5_r2/results/9y0a_ab/seed_0/predictions/9y0a_ab_sample_3.cif,9y0a_AB,seed5_r2,9y0a_ab_sample_3.cif,0.34638
/mnt/data/msadepth/compreps/seedrep_cand/protenix/9y0a_AB/d289/seed5_r0/results/9y0a_ab/seed_0/predictions/9y0a_ab_sample_4.cif,9y0a_AB,seed5_r0,9y0a_ab_sample_4.cif,0.42228
/mnt/data/msadepth/compreps/seedrep_cand/protenix/9y0a_AB/d289/seed5_r0/results/9y0a_ab/seed_0/predictions/9y0a_ab_sample_1.cif,9y0a_AB,seed5_r0,9y0a_ab_sample_1.cif,0.38384
/mnt/data/msadepth/compreps/seedrep_cand/protenix/9y0a_AB/d289/seed5_r0/results/9y0a_ab/seed_0/predictions/9y0a_ab_sample_0.cif,9y0a_AB,seed5_r0,9y0a_ab_sample_0.cif,0.28736
/mnt/data/msadepth/compreps/seedrep_cand/protenix/9y0a_AB/d289/seed5_r3/results/9y0a_ab/seed_0/predictions/9y0a_ab_sample_3.cif,9y0a_AB,seed5_r3,9y0a_ab_sample_3.cif,0.29832
/mnt/data/msadepth/compreps/seedrep_cand/protenix/9y0a_AB/d289/seed5_r2/results/9y0a_ab/seed_0/predictions/9y0a_ab_sample_0.cif,9y0a_AB,seed5_r2,9y0a_ab_sample_0.cif,0.39523
/mnt/data/msadepth/compreps/seedrep_cand/protenix/9y0a_AB/d289/seed5_r2/results/9y0a_ab/seed_0/predictions/9y0a_ab_sample_1.cif,9y0a_AB,seed5_r2,9y0a_ab_sample_1.cif,0.36001
/mnt/data/msadepth/compreps/seedrep_cand/protenix/9y0a_AB/d289/seed5_r3/results/9y0a_ab/seed_0/predictions/9y0a_ab_sample_1.cif,9y0a_AB,seed5_r3,9y0a_ab_sample_1.cif,0.26636
/mnt/data/msadepth/compreps/seedrep_cand/protenix/9y0a_AB/d289/seed5_r3/results/9y0a_ab/seed_0/predictions/9y0a_ab_sample_0.cif,9y0a_AB,seed5_r3,9y0a_ab_sample_0.cif,0.29672
/mnt/data/msadepth/compreps/seedrep_cand/protenix/9y0a_AB/d289/seed5_r0/results/9y0a_ab/seed_0/predictions/9y0a_ab_sample_3.cif,9y0a_AB,seed5_r0,9y0a_ab_sample_3.cif,0.47576
/mnt/data/msadepth/compreps/seedrep_cand/protenix/9y0a_AB/d289/seed5_r1/results/9y0a_ab/seed_0/predictions/9y0a_ab_sample_3.cif,9y0a_AB,seed5_r1,9y0a_ab_sample_3.cif,0.28293
/mnt/data/msadepth/compreps/seedrep_cand/protenix/9y0a_AB/d289/seed5_r3/results/9y0a_ab/seed_0/predictions/9y0a_ab_sample_4.cif,9y0a_AB,seed5_r3,9y0a_ab_sample_4.cif,0.25606
/mnt/data/msadepth/compreps/seedrep_cand/protenix/9y0a_AB/d289/seed5_r3/results/9y0a_ab/seed_0/predictions/9y0a_ab_sample_2.cif,9y0a_AB,seed5_r3,9y0a_ab_sample_2.cif,0.42607
/mnt/data/msadepth/compreps/seedrep_cand/protenix/9y0a_AB/d289/seedfull_r1/results/9y0a_ab/seed_0/predictions/9y0a_ab_sample_3.cif,9y0a_AB,seedfull_r1,9y0a_ab_sample_3.cif,0.32377
/mnt/data/msadepth/compreps/seedrep_cand/protenix/9y0a_AB/d289/seedfull_r2/results/9y0a_ab/seed_0/predictions/9y0a_ab_sample_1.cif,9y0a_AB,seedfull_r2,9y0a_ab_sample_1.cif,0.28916
/mnt/data/msadepth/compreps/seedrep_cand/protenix/9y0a_AB/d289/seedfull_r3/results/9y0a_ab/seed_0/predictions/9y0a_ab_sample_2.cif,9y0a_AB,seedfull_r3,9y0a_ab_sample_2.cif,0.24866
/mnt/data/msadepth/compreps/seedrep_cand/protenix/9y0a_AB/d289/seedfull_r2/results/9y0a_ab/seed_0/predictions/9y0a_ab_sample_3.cif,9y0a_AB,seedfull_r2,9y0a_ab_sample_3.cif,0.30177
/mnt/data/msadepth/compreps/seedrep_cand/protenix/9y0a_AB/d289/seedfull_r1/results/9y0a_ab/seed_0/predictions/9y0a_ab_sample_0.cif,9y0a_AB,seedfull_r1,9y0a_ab_sample_0.cif,0.21958
/mnt/data/msadepth/compreps/seedrep_cand/protenix/9y0a_AB/d289/seedfull_r0/results/9y0a_ab/seed_0/predictions/9y0a_ab_sample_4.cif,9y0a_AB,seedfull_r0,9y0a_ab_sample_4.cif,0.28077
/mnt/data/msadepth/compreps/seedrep_cand/protenix/9y0a_AB/d289/seedfull_r3/results/9y0a_ab/seed_0/predictions/9y0a_ab_sample_1.cif,9y0a_AB,seedfull_r3,9y0a_ab_sample_1.cif,0.31085
/mnt/data/msadepth/compreps/seedrep_cand/protenix/9y0a_AB/d289/seedfull_r2/results/9y0a_ab/seed_0/predictions/9y0a_ab_sample_4.cif,9y0a_AB,seedfull_r2,9y0a_ab_sample_4.cif,0.22975
/mnt/data/msadepth/compreps/seedrep_cand/protenix/9y0a_AB/d289/seedfull_r1/results/9y0a_ab/seed_0/predictions/9y0a_ab_sample_4.cif,9y0a_AB,seedfull_r1,9y0a_ab_sample_4.cif,0.10018
/mnt/data/msadepth/compreps/seedrep_cand/protenix/9y0a_AB/d289/seedfull_r1/results/9y0a_ab/seed_0/predictions/9y0a_ab_sample_1.cif,9y0a_AB,seedfull_r1,9y0a_ab_sample_1.cif,0.36988
/mnt/data/msadepth/compreps/seedrep_cand/protenix/9y0a_AB/d289/seedfull_r3/results/9y0a_ab/seed_0/predictions/9y0a_ab_sample_3.cif,9y0a_AB,seedfull_r3,9y0a_ab_sample_3.cif,0.52184
/mnt/data/msadepth/compreps/seedrep_cand/protenix/9y0a_AB/d289/seedfull_r2/results/9y0a_ab/seed_0/predictions/9y0a_ab_sample_2.cif,9y0a_AB,seedfull_r2,9y0a_ab_sample_2.cif,0.35358
/mnt/data/msadepth/compreps/seedrep_cand/protenix/9y0a_AB/d289/seedfull_r2/results/9y0a_ab/seed_0/predictions/9y0a_ab_sample_0.cif,9y0a_AB,seedfull_r2,9y0a_ab_sample_0.cif,0.23936
/mnt/data/msadepth/compreps/seedrep_cand/protenix/9y0a_AB/d289/seedfull_r3/results/9y0a_ab/seed_0/predictions/9y0a_ab_sample_4.cif,9y0a_AB,seedfull_r3,9y0a_ab_sample_4.cif,0.33671
/mnt/data/msadepth/compreps/seedrep_cand/protenix/9y0a_AB/d289/seedfull_r3/results/9y0a_ab/seed_0/predictions/9y0a_ab_sample_0.cif,9y0a_AB,seedfull_r3,9y0a_ab_sample_0.cif,0.25303
/mnt/data/msadepth/compreps/seedrep_cand/protenix/9y0a_AB/d289/seedfull_r1/results/9y0a_ab/seed_0/predictions/9y0a_ab_sample_2.cif,9y0a_AB,seedfull_r1,9y0a_ab_sample_2.cif,0.3377
/mnt/data/msadepth/compreps/seedrep_cand/protenix/9y0a_AB/d289/seedfull_r0/results/9y0a_ab/seed_0/predictions/9y0a_ab_sample_2.cif,9y0a_AB,seedfull_r0,9y0a_ab_sample_2.cif,0.15167
/mnt/data/msadepth/compreps/seedrep_cand/protenix/9y0a_AB/d289/seedfull_r0/results/9y0a_ab/seed_0/predictions/9y0a_ab_sample_1.cif,9y0a_AB,seedfull_r0,9y0a_ab_sample_1.cif,0.17676
/mnt/data/msadepth/compreps/seedrep_cand/protenix/9y0a_AB/d289/seedfull_r0/results/9y0a_ab/seed_0/predictions/9y0a_ab_sample_0.cif,9y0a_AB,seedfull_r0,9y0a_ab_sample_0.cif,0.29987
/mnt/data/msadepth/compreps/seedrep_cand/protenix/9y0a_AB/d289/seedfull_r0/results/9y0a_ab/seed_0/predictions/9y0a_ab_sample_3.cif,9y0a_AB,seedfull_r0,9y0a_ab_sample_3.cif,0.18471
/mnt/data/msadepth/compreps/seedrep_cand/protenix/9y0a_AB/d289/seedfull_r6/results/9y0a_ab/seed_0/predictions/9y0a_ab_sample_2.cif,9y0a_AB,seedfull_r6,9y0a_ab_sample_2.cif,0.32405
/mnt/data/msadepth/compreps/seedrep_cand/protenix/9y0a_AB/d289/seedfull_r4/results/9y0a_ab/seed_0/predictions/9y0a_ab_sample_0.cif,9y0a_AB,seedfull_r4,9y0a_ab_sample_0.cif,0.28849
/mnt/data/msadepth/compreps/seedrep_cand/protenix/9y0a_AB/d289/seedfull_r5/results/9y0a_ab/seed_0/predictions/9y0a_ab_sample_2.cif,9y0a_AB,seedfull_r5,9y0a_ab_sample_2.cif,0.39765
/mnt/data/msadepth/compreps/seedrep_cand/protenix/9y0a_AB/d289/seedfull_r4/results/9y0a_ab/seed_0/predictions/9y0a_ab_sample_2.cif,9y0a_AB,seedfull_r4,9y0a_ab_sample_2.cif,0.27763
/mnt/data/msadepth/compreps/seedrep_cand/protenix/9y0a_AB/d289/seedfull_r6/results/9y0a_ab/seed_0/predictions/9y0a_ab_sample_4.cif,9y0a_AB,seedfull_r6,9y0a_ab_sample_4.cif,0.27473
/mnt/data/msadepth/compreps/seedrep_cand/protenix/9y0a_AB/d289/seedfull_r7/results/9y0a_ab/seed_0/predictions/9y0a_ab_sample_4.cif,9y0a_AB,seedfull_r7,9y0a_ab_sample_4.cif,0.24493
/mnt/data/msadepth/compreps/seedrep_cand/protenix/9y0a_AB/d289/seedfull_r5/results/9y0a_ab/seed_0/predictions/9y0a_ab_sample_0.cif,9y0a_AB,seedfull_r5,9y0a_ab_sample_0.cif,0.26968
/mnt/data/msadepth/compreps/seedrep_cand/protenix/9y0a_AB/d289/seedfull_r5/results/9y0a_ab/seed_0/predictions/9y0a_ab_sample_1.cif,9y0a_AB,seedfull_r5,9y0a_ab_sample_1.cif,0.34849
/mnt/data/msadepth/compreps/seedrep_cand/protenix/9y0a_AB/d289/seedfull_r4/results/9y0a_ab/seed_0/predictions/9y0a_ab_sample_3.cif,9y0a_AB,seedfull_r4,9y0a_ab_sample_3.cif,0.21669
/mnt/data/msadepth/compreps/seedrep_cand/protenix/9y0a_AB/d289/seedfull_r5/results/9y0a_ab/seed_0/predictions/9y0a_ab_sample_3.cif,9y0a_AB,seedfull_r5,9y0a_ab_sample_3.cif,0.13695
/mnt/data/msadepth/compreps/seedrep_cand/protenix/9y0a_AB/d289/seedfull_r7/results/9y0a_ab/seed_0/predictions/9y0a_ab_sample_0.cif,9y0a_AB,seedfull_r7,9y0a_ab_sample_0.cif,0.22794
/mnt/data/msadepth/compreps/seedrep_cand/protenix/9y0a_AB/d289/seedfull_r6/results/9y0a_ab/seed_0/predictions/9y0a_ab_sample_1.cif,9y0a_AB,seedfull_r6,9y0a_ab_sample_1.cif,0.21261
/mnt/data/msadepth/compreps/seedrep_cand/protenix/9y0a_AB/d289/seedfull_r4/results/9y0a_ab/seed_0/predictions/9y0a_ab_sample_1.cif,9y0a_AB,seedfull_r4,9y0a_ab_sample_1.cif,0.19597
/mnt/data/msadepth/compreps/seedrep_cand/protenix/9y0a_AB/d289/seedfull_r5/results/9y0a_ab/seed_0/predictions/9y0a_ab_sample_4.cif,9y0a_AB,seedfull_r5,9y0a_ab_sample_4.cif,0.18416
/mnt/data/msadepth/compreps/seedrep_cand/protenix/9y0a_AB/d289/seedfull_r7/results/9y0a_ab/seed_0/predictions/9y0a_ab_sample_1.cif,9y0a_AB,seedfull_r7,9y0a_ab_sample_1.cif,0.19948
/mnt/data/msadepth/compreps/seedrep_cand/protenix/9y0a_AB/d289/seedfull_r4/results/9y0a_ab/seed_0/predictions/9y0a_ab_sample_4.cif,9y0a_AB,seedfull_r4,9y0a_ab_sample_4.cif,0.05155
/mnt/data/msadepth/compreps/seedrep_cand/protenix/9y0a_AB/d289/seedfull_r7/results/9y0a_ab/seed_0/predictions/9y0a_ab_sample_3.cif,9y0a_AB,seedfull_r7,9y0a_ab_sample_3.cif,0.24858
/mnt/data/msadepth/compreps/seedrep_cand/protenix/9y0a_AB/d289/seedfull_r6/results/9y0a_ab/seed_0/predictions/9y0a_ab_sample_0.cif,9y0a_AB,seedfull_r6,9y0a_ab_sample_0.cif,0.16745
/mnt/data/msadepth/compreps/seedrep_cand/protenix/9y0a_AB/d289/seedfull_r6/results/9y0a_ab/seed_0/predictions/9y0a_ab_sample_3.cif,9y0a_AB,seedfull_r6,9y0a_ab_sample_3.cif,0.25127
/mnt/data/msadepth/compreps/seedrep_cand/protenix/9y0a_AB/d289/seedfull_r7/results/9y0a_ab/seed_0/predictions/9y0a_ab_sample_2.cif,9y0a_AB,seedfull_r7,9y0a_ab_sample_2.cif,0.19125
